modele,prix,prix_texte,url_modele,brand
Bako Bee,18264,18 264DT,https://www.automobile.tn/fr/neuf/bako/bee,electrique
Bako B-Van,225868900,22 586DT8 900 $ HT,https://www.automobile.tn/fr/neuf/bako/evan,electrique
NouveauAvantier Avantier C,28700,28 700DT,https://www.automobile.tn/fr/neuf/avantier/avantier-c/14-kwh,electrique
NouveauCenntro Logistar 100,32800,32 800DT,https://www.automobile.tn/fr/neuf/cenntro/logistar-ls-100/16-kwh,electrique
NouveauAvantier Commuter,45000,45 000DT,https://www.automobile.tn/fr/neuf/avantier/commuter/31-kwh,electrique
NouveauDongfeng Box,49990,49 990DT,https://www.automobile.tn/fr/neuf/dongfeng/box,electrique
NouveauCenntro Logistar 210,66900,66 900DT,https://www.automobile.tn/fr/neuf/cenntro/logistar-ls-210/41.85-kwh,electrique
NouveauMG S5,84950,84 950DT,https://www.automobile.tn/fr/neuf/mg/s5/64-kwh,electrique
NouveauCenntro Logistar 260,88600,88 600DT,https://www.automobile.tn/fr/neuf/cenntro/logistar-ls-260/43.5-kwh,electrique
BYD Dolphin,9499027150,94 990DT27 150 $ HT,https://www.automobile.tn/fr/neuf/byd/dolphin/fwd,electrique
PromoGeely Geometry C,1090001119002900,109 000DT111.900 DT2900 DT de remiseBorne de recharge domestique EvBox,https://www.automobile.tn/fr/neuf/geely/geometry/70-kwh,electrique
PromoVolvo EX30,1199001249003,119 900DT124.900 DTAssurance tous risques offerte3 ans d’entretien inclus,https://www.automobile.tn/fr/neuf/volvo/ex30,electrique
Hyundai Kona Electric,123900,123 900DT,https://www.automobile.tn/fr/neuf/hyundai/kona-ev/bva,electrique
BYD Atto 3,12399035650,123 990DT35 650 $ HT,https://www.automobile.tn/fr/neuf/byd/atto-3/bev,electrique
Mini Cooper Electric,12990036900,129 900DT36 900 € HT,https://www.automobile.tn/fr/neuf/mini/cooper-e/36.6-kwh-classic,electrique
Mini Aceman Electric,13990038900,139 900DT38 900 € HT,https://www.automobile.tn/fr/neuf/mini/aceman/42.5-kwh,electrique
Hyundai Ioniq 5,168950,168 950DT,https://www.automobile.tn/fr/neuf/hyundai/ioniq-5,electrique
MG Cyberster,179950,179 950DT,https://www.automobile.tn/fr/neuf/mg/cyberster/77-kwh-rwd,electrique
Volvo EC40,1899003,189 900DTAssurance tous risques offerte3 ans d’entretien inclus,https://www.automobile.tn/fr/neuf/volvo/ec40-recharge,electrique
Mini Countryman Electric,18990055900,189 900DT55 900 € HT,https://www.automobile.tn/fr/neuf/mini/countryman-electric/42.5-kwh-favoured,electrique
Hyundai Ioniq 6,199950,199 950DT,https://www.automobile.tn/fr/neuf/hyundai/ioniq-6,electrique
KIA EV6,19998059900,199 980DT59 900 $ HT,https://www.automobile.tn/fr/neuf/kia/ev6,electrique
BMW iX1,22390054900,223 900DT54 900 € HT,https://www.automobile.tn/fr/neuf/bmw/ix1,electrique
BYD Tang EV,22999066200,229 990DT66 200 $ HT,https://www.automobile.tn/fr/neuf/byd/tang-ev/bev,electrique
BMW iX2,23290064900,232 900DT64 900 € HT,https://www.automobile.tn/fr/neuf/bmw/ix2,electrique
BMW i4,24590068900,245 900DT68 900 € HT,https://www.automobile.tn/fr/neuf/bmw/i4,electrique
Mercedes-Benz EQB,249900,249 900DT,https://www.automobile.tn/fr/neuf/mercedes-benz/eqb/250plus-amg,electrique
NouveauHyundai Ioniq 5 N,249950,249 950DT,https://www.automobile.tn/fr/neuf/hyundai/ioniq-5-n/84-kwh-4wd,electrique
KIA EV6 GT,262980,262 980DT,https://www.automobile.tn/fr/neuf/kia/ev6-gt/awd,electrique
Audi DaysAudi Q6 e-tron,26900028000011000,269 000DT280.000 DT11.000 DT de remiseBorne wallbox offerte,https://www.automobile.tn/fr/neuf/audi/q6-e-tron/100-kwh-quattro-s-line,electrique
NouveauAudi A6 Sportback e-tron,269000,269 000DT,https://www.automobile.tn/fr/neuf/audi/a6-sportback-e-tron/100-kwh-performance,electrique
NouveauAudi Q6 Sportback e-tron,289000,289 000DT,https://www.automobile.tn/fr/neuf/audi/q6-sportback-e-tron/100-kwh-quattro-s-line,electrique
Porsche Macan Electric,295000,295 000DT,https://www.automobile.tn/fr/neuf/porsche/macan-electric,electrique
KIA EV9,299980,299 980DT,https://www.automobile.tn/fr/neuf/kia/ev9,electrique
BMW i5,32790090900,327 900DT90 900 € HT,https://www.automobile.tn/fr/neuf/bmw/i5/edrive40-pack-m,electrique
Mercedes-Benz EQE Berline,349000,349 000DT,https://www.automobile.tn/fr/neuf/mercedes-benz/eqe-berline/350plus-amg,electrique
Audi DaysAudi E-tron GT,36000039000022,360 000DT390.000 DTWallbox 22 kW offerte,https://www.automobile.tn/fr/neuf/audi/e-tron-gt/quattro,electrique
PromoBMW iX,369900118900431900,369 900DT118 900 € HT431.900 DT,https://www.automobile.tn/fr/neuf/bmw/ix,electrique
Mercedes-Benz EQE SUV,429900,429 900DT,https://www.automobile.tn/fr/neuf/mercedes-benz/eqe-suv/350-4matic,electrique
Porsche Taycan,448000,448 000DT,https://www.automobile.tn/fr/neuf/porsche/taycan,electrique
Porsche Taycan Cross Turismo,475000,475 000DT,https://www.automobile.tn/fr/neuf/porsche/taycan-cross-turismo/4-2025,electrique
Mercedes-Benz EQS Berline,519900,519 900DT,https://www.automobile.tn/fr/neuf/mercedes-benz/eqs-berline/450-4matic-amg,electrique
Mercedes-Benz EQS SUV,549900,549 900DT,https://www.automobile.tn/fr/neuf/mercedes-benz/eqs/450-4matic-amg,electrique
NouveauMercedes-Benz Classe G Electrique,599000,599 000DT,https://www.automobile.tn/fr/neuf/mercedes-benz/classe-g-electric,electrique
Alfa Romeo Giulia,198000,198 000DT,https://www.automobile.tn/fr/neuf/alfa-romeo/giulia/2.0-turbo-bva-super,alfa-romeo
Alfa Romeo Stelvio,265000,265 000DT,https://www.automobile.tn/fr/neuf/alfa-romeo/stelvio/2.0-turbo-q4-bva,alfa-romeo
Audi DaysAudi A3 Sportback,1399902990014999010000,139 990DT29 900 € HT149.990 DT10.000 DT de remiseCarte carburant Shell offerte,https://www.automobile.tn/fr/neuf/audi/a3-sportback,audi
Audi DaysAudi A3 Berline,165990335001750009010,165 990DT33 500 € HT175.000 DT9010 DT de remise,https://www.automobile.tn/fr/neuf/audi/a3-berline/35-tfsi-dynamic-edition,audi
Audi DaysAudi Q2,149990305001590009010,149 990DT30 500 € HT159.000 DT9010 DT de remise,https://www.automobile.tn/fr/neuf/audi/q2/35-tfsi-bva-urban-line,audi
Audi DaysAudi Q3,19900021200013000,199 000DT212.000 DT13.000 DT de remise,https://www.automobile.tn/fr/neuf/audi/q3/35-tfsi-s-tronic-advanced-line,audi
Audi DaysAudi Q3 Sportback,21900023900020000,219 000DT239.000 DT20.000 DT de remise,https://www.automobile.tn/fr/neuf/audi/q3-sportback/35-tfsi-s-tronic-business-limited-plus,audi
NouveauAudi A5,259000,259 000DT,https://www.automobile.tn/fr/neuf/audi/a5-berline/tfsi-advanced,audi
NouveauAudi A6 Sportback e-tron,269000,269 000DT,https://www.automobile.tn/fr/neuf/audi/a6-sportback-e-tron/100-kwh-performance,audi
Audi DaysAudi Q6 e-tron,26900028000011000,269 000DT280.000 DT11.000 DT de remiseBorne wallbox offerte,https://www.automobile.tn/fr/neuf/audi/q6-e-tron/100-kwh-quattro-s-line,audi
NouveauAudi Q6 Sportback e-tron,289000,289 000DT,https://www.automobile.tn/fr/neuf/audi/q6-sportback-e-tron/100-kwh-quattro-s-line,audi
Audi DaysAudi E-tron GT,36000039000022,360 000DT390.000 DTWallbox 22 kW offerte,https://www.automobile.tn/fr/neuf/audi/e-tron-gt/quattro,audi
Sur commandeAudi Q7,449000,449 000DT,https://www.automobile.tn/fr/neuf/audi/q7/45-tfsi-quattro-bva-2025-s-line-7-places,audi
Sur commandeAudi Q8,499000,499 000DT,https://www.automobile.tn/fr/neuf/audi/q8/55-tfsi-tiptronic-quattro-2025,audi
NouveauAvantier Avantier C,28700,28 700DT,https://www.automobile.tn/fr/neuf/avantier/avantier-c/14-kwh,avantier
NouveauAvantier Commuter,45000,45 000DT,https://www.automobile.tn/fr/neuf/avantier/commuter/31-kwh,avantier
Bako Bee,18264,18 264DT,https://www.automobile.tn/fr/neuf/bako/bee,bako
Bako B-Van,225868900,22 586DT8 900 $ HT,https://www.automobile.tn/fr/neuf/bako/evan,bako
BMW Série 1,15590028900,155 900DT28 900 € HT,https://www.automobile.tn/fr/neuf/bmw/serie-1-5p,bmw
BMW Série 2 Gran Coupé,16590033900175900,165 900DT33 900 € HT175.900 DTOffre exclusive de lancementStock limité,https://www.automobile.tn/fr/neuf/bmw/serie-2-gran-coupe,bmw
BMW Série 3,20790037900,207 900DT37 900 € HT,https://www.automobile.tn/fr/neuf/bmw/serie-3,bmw
NouveauBMW Série 3 Hybride,281900,281 900DT,https://www.automobile.tn/fr/neuf/bmw/serie-3-hybride,bmw
BMW Série 4 Gran Coupé,27990043900,279 900DT43 900 € HT,https://www.automobile.tn/fr/neuf/bmw/serie-4-gran-coupe,bmw
BMW Série 4 Coupé,36690057900,366 900DT57 900 € HT,https://www.automobile.tn/fr/neuf/bmw/serie-4-coupe/420i-pack-m-pro,bmw
BMW Série 5,33490060900,334 900DT60 900 € HT,https://www.automobile.tn/fr/neuf/bmw/serie-5,bmw
NouveauBMW Série 5 Hybride,37990075900,379 900DT75 900 € HT,https://www.automobile.tn/fr/neuf/bmw/serie-5-hybride,bmw
Offre exclusiveBMW X1,169900,169 900DTStock Limité,https://www.automobile.tn/fr/neuf/bmw/x1,bmw
Offre exclusiveBMW X2,179900,179 900DTStock Limité,https://www.automobile.tn/fr/neuf/bmw/x2,bmw
BMW X1 Hybride,22990045900,229 900DT45 900 € HT,https://www.automobile.tn/fr/neuf/bmw/x1-hybride,bmw
NouveauBMW X3 Hybride,36990070900,369 900DT70 900 € HT,https://www.automobile.tn/fr/neuf/bmw/x3-hybride-rechargeable,bmw
BMW X3,37300064900,373 000DT64 900 € HT,https://www.automobile.tn/fr/neuf/bmw/x3/20i-xdrive-pack-m,bmw
BMW X4,39990070900,399 900DT70 900 € HT,https://www.automobile.tn/fr/neuf/bmw/x4/20i-xdrive-pack-m,bmw
RechargeableBMW X5 Hybride,569900102900,569 900DT102 900 € HT,https://www.automobile.tn/fr/neuf/bmw/x5-hybride,bmw
BMW i4,24590068900,245 900DT68 900 € HT,https://www.automobile.tn/fr/neuf/bmw/i4,bmw
BMW iX1,22390054900,223 900DT54 900 € HT,https://www.automobile.tn/fr/neuf/bmw/ix1,bmw
BMW iX2,23290064900,232 900DT64 900 € HT,https://www.automobile.tn/fr/neuf/bmw/ix2,bmw
BMW i5,32790090900,327 900DT90 900 € HT,https://www.automobile.tn/fr/neuf/bmw/i5/edrive40-pack-m,bmw
PromoBMW iX,369900118900431900,369 900DT118 900 € HT431.900 DT,https://www.automobile.tn/fr/neuf/bmw/ix,bmw
BYD Dolphin,9499027150,94 990DT27 150 $ HT,https://www.automobile.tn/fr/neuf/byd/dolphin/fwd,byd
BYD King,10599023200,105 990DT23 200 $ HT,https://www.automobile.tn/fr/neuf/byd/king/1.5-l-dm-i,byd
BYD Atto 3,12399035650,123 990DT35 650 $ HT,https://www.automobile.tn/fr/neuf/byd/atto-3/bev,byd
BYD Song Plus,15699034700,156 990DT34 700 $ HT,https://www.automobile.tn/fr/neuf/byd/song-plus/1.5-l-dm-i,byd
BYD Tang EV,22999066200,229 990DT66 200 $ HT,https://www.automobile.tn/fr/neuf/byd/tang-ev/bev,byd
NouveauCenntro Logistar 100,32800,32 800DT,https://www.automobile.tn/fr/neuf/cenntro/logistar-ls-100/16-kwh,cenntro
NouveauCenntro Logistar 210,66900,66 900DT,https://www.automobile.tn/fr/neuf/cenntro/logistar-ls-210/41.85-kwh,cenntro
NouveauCenntro Logistar 260,88600,88 600DT,https://www.automobile.tn/fr/neuf/cenntro/logistar-ls-260/43.5-kwh,cenntro
Changan New Star Van,39900,39 900DT,https://www.automobile.tn/fr/neuf/changan/new-star/1.2-l,changan
Changan Star Truck Double Cabine,49900,49 900DT,https://www.automobile.tn/fr/neuf/changan/star-truck-double-cabine/1.2-l,changan
Changan Hunter,123046,123 046DT,https://www.automobile.tn/fr/neuf/changan/hunter/1.9-l-turbo-diesel-4x4,changan
Chery Tiggo 1X populaire,34790,34 790DT,https://www.automobile.tn/fr/neuf/chery/tiggo-1x-populaire/1.0-l-turbo-cvt,chery
Chery Tiggo 3X,57900,57 900DT,https://www.automobile.tn/fr/neuf/chery/tiggo-3x,chery
PromoChery Arrizo 5,59490634904000,59 490DT63.490 DT4000 DT de remise,https://www.automobile.tn/fr/neuf/chery/arrizo-5,chery
PromoChery Tiggo 4 Pro,84490884904000,84 490DT88.490 DT4000 DT de remise,https://www.automobile.tn/fr/neuf/chery/tiggo-4-pro/1.5-t-cvt,chery
PromoChery Tiggo 7 Pro,965001059009400,96 500DT105.900 DT9400 DT de remise,https://www.automobile.tn/fr/neuf/chery/tiggo-7/1.5-t-cvt-2025,chery
"72,700 DT HT/jourChery Arrizo 8",119900,119 900DTEn partenariat avec UBCI,https://www.automobile.tn/fr/neuf/chery/arrizo-8/1.6-t-gdi-bva,chery
PromoChevrolet Groove,8582589825,85 825DT89825 DT,https://www.automobile.tn/fr/neuf/chevrolet/groove/1.5-l-premier-2022,chevrolet
Stock limitéChevrolet Captiva,9392010591312000,93 920DT105.913 DT12.000 DT de remise,https://www.automobile.tn/fr/neuf/chevrolet/captiva,chevrolet
Citroën C3 Populaire,34626,34 626DT,https://www.automobile.tn/fr/neuf/citroen/c3-populaire/1.2-l,citroen
NouveauCitroën C4 X,84900,84 900DT,https://www.automobile.tn/fr/neuf/citroen/c4-x,citroen
Citroën Berlingo,101900,101 900DT,https://www.automobile.tn/fr/neuf/citroen/berlingo-multispace/1.6-l-hdi,citroen
NouveauCitroën Jumpy Combi,152900,152 900DT,https://www.automobile.tn/fr/neuf/citroen/jumpy-combi/2.0-l-hdi-9-places,citroen
DisponibleCitroën Berlingo Van,67490,67 490DT,https://www.automobile.tn/fr/neuf/citroen/berlingo-van/1.6-l-hdi-pro-edition-650-kg,citroen
NouveauCitroën Jumpy Fourgon,88900,88 900DT,https://www.automobile.tn/fr/neuf/citroen/jumpy-fourgon/2.0-l-hdi-2025,citroen
NouveauCitroën Jumper,97900,97 900DT,https://www.automobile.tn/fr/neuf/citroen/jumper,citroen
PromoCupra Leon,1469801499803000,146 980DT149.980 DT3000 DT de remise,https://www.automobile.tn/fr/neuf/cupra/leon,cupra
Cupra Terramar,172980,172 980DT,https://www.automobile.tn/fr/neuf/cupra/terramar,cupra
Dacia Sandero Stepway,62990,62 990DT,https://www.automobile.tn/fr/neuf/dacia/sandero-stepway,dacia
Dacia Sandero,58450,58 450DT,https://www.automobile.tn/fr/neuf/dacia/sandero/1.0-l-tce,dacia
Dacia Logan,62980,62 980DT,https://www.automobile.tn/fr/neuf/dacia/logan/1.0-l-tce-2023,dacia
NouveauDacia Duster,105980,105 980DT,https://www.automobile.tn/fr/neuf/dacia/duster/1.5-l-dci-4x2,dacia
DFSK Glory 500,69900,69 900DT,https://www.automobile.tn/fr/neuf/dfsk/glory-500,dfsk
DFSK Glory 580,99900,99 900DT,https://www.automobile.tn/fr/neuf/dfsk/glory-580/1.5-l-cvt-luxury,dfsk
DFSK Glory iX5,104900,104 900DT,https://www.automobile.tn/fr/neuf/dfsk/glory-ix5/1.5-t-deluxe-cvt,dfsk
DFSK K01S,32900,32 900DT,https://www.automobile.tn/fr/neuf/dfsk/k01s,dfsk
DFSK K01H,35900,35 900DT,https://www.automobile.tn/fr/neuf/dfsk/k01h,dfsk
PromoDFSK K02S,40900429002000,40 900DT42.900 DT2000 DT de remise,https://www.automobile.tn/fr/neuf/dfsk/k02s,dfsk
DFSK C31,44900,44 900DT,https://www.automobile.tn/fr/neuf/dfsk/c31/1.5-l-simple-cabine-dlx,dfsk
DFSK C32,52900,52 900DT,https://www.automobile.tn/fr/neuf/dfsk/c32/1.5-l-double-cabine-dlx,dfsk
NouveauDongfeng Box,49990,49 990DT,https://www.automobile.tn/fr/neuf/dongfeng/box,dongfeng
NouveauDongfeng Shine,64990,64 990DT,https://www.automobile.tn/fr/neuf/dongfeng/shine,dongfeng
NouveauDongfeng Shine Max Hybride,90990,90 990DT,https://www.automobile.tn/fr/neuf/dongfeng/shine-max/1.5-t-hev,dongfeng
Offre limitéeDongfeng Rich 6,9390026900,93 900DT26 900 € HT,https://www.automobile.tn/fr/neuf/dongfeng/rich-6,dongfeng
Dongfeng Forthing T5 EVO,118900,118 900DT,https://www.automobile.tn/fr/neuf/dongfeng/t5-evo/1.5-l-turbo,dongfeng
Faw Bestune T77 Pro,113777,113 777DT,https://www.automobile.tn/fr/neuf/faw/bestune-t77,faw
NouveauFaw Bestune B70,94970,94 970DT,https://www.automobile.tn/fr/neuf/faw/bestune-b70/1.5-l-turbo-bva-luxury,faw
NouveauFaw Bestune T90,99990,99 990DT,https://www.automobile.tn/fr/neuf/faw/bestune-t90/1.5-l-turbo-bva-premium,faw
PromoFiat Fiorino Combi,81000830002000,81 000DT83.000 DT2000 DT avantages clients,https://www.automobile.tn/fr/neuf/fiat/fiorino-combi/1.3-l-multijet,fiat
PromoFiat Tipo Berline,78500795001000,78 500DT79.500 DT1000 DT de remisePremière visite gratuite,https://www.automobile.tn/fr/neuf/fiat/tipo-berline,fiat
PromoFiat Doblo Combi,1049001069002000,104 900DT106.900 DT2000 DT de remise,https://www.automobile.tn/fr/neuf/fiat/doblo-combi/1.6-l-hdi,fiat
Fiat Scudo Combi,15900087850,159 000DTLouage et grand taxi 87.850 DT,https://www.automobile.tn/fr/neuf/fiat/scudo-combi,fiat
Fiat Doblo,67499,67 499DT,https://www.automobile.tn/fr/neuf/fiat/doblo,fiat
PromoFiat Ducato,85000860001000,85 000DT86.000 DT1000 DT de remise,https://www.automobile.tn/fr/neuf/fiat/ducato/2.2-hdi-2025-11.5-m3-l2h2,fiat
NouveauFiat Scudo Fourgon,86000,86 000DT,https://www.automobile.tn/fr/neuf/fiat/scudo/2.0-l-hdi,fiat
Foday F22 S,99500,99 500DT,https://www.automobile.tn/fr/neuf/foday/f22-s/1.9-l-turbo-4wd,foday
Foday F22 D,109800,109 800DT,https://www.automobile.tn/fr/neuf/foday/f22/1.9-l-tid4-luxury,foday
PromoFoday F22 Max,1168008000124800,116 800DT8000 DT de remise124.800 DT,https://www.automobile.tn/fr/neuf/foday/f22-max/1.9-l-tid4-luxury,foday
NouveauFord Territory,12490024900,124 900DT24 900 $ HT,https://www.automobile.tn/fr/neuf/ford/territory,ford
Ford Everest,26000042000144799,260 000DT42 000 $ HT144.799 DT avec privilège agence de voyage,https://www.automobile.tn/fr/neuf/ford/everest,ford
PromoFord Ranger,145000310001550001000031,145 000DT31 000 $ HT155.000 DT10.000 DT de remiseJusqu'au 31 décembre,https://www.automobile.tn/fr/neuf/ford/ranger,ford
Ford Ranger Raptor,33000065800,330 000DT65 800 $ HT,https://www.automobile.tn/fr/neuf/ford/ranger-raptor/2.0-l-tdci-210-ch-4x4-bva,ford
PromoFoton Tunland G7 Simple Cabine,72700767004000302025,72 700DT76.700 DT4000 DT de remiseJusqu’au 30 novembre 2025,https://www.automobile.tn/fr/neuf/foton/tunland-g7-simple-cabine/2.0-l-turbo-4x2,foton
Foton Tunland G7 Double Cabine,107200,107 200DT,https://www.automobile.tn/fr/neuf/foton/tunland-g7-double-cabine/2.0-l-turbo-4x4,foton
Foton TM5 3.4T Chassis Cabine,58270,58 270DT,https://www.automobile.tn/fr/neuf/foton/tm5h/2.2-l-turbo,foton
Foton View CS2 Van 16 places,127501,127 501DT,https://www.automobile.tn/fr/neuf/foton/view-c2/2.0-l-turbo-16-places,foton
Série limitéeGAC Emzoom,95900,95 900DTTrottinette électrique offerte,https://www.automobile.tn/fr/neuf/gac-motor/emzoom,gac-motor
GAC Emkoo,118900,118 900DT,https://www.automobile.tn/fr/neuf/gac-motor/emkoo/1.5t-gdi-bva,gac-motor
GAC GA4,69900,69 900DT,https://www.automobile.tn/fr/neuf/gac-motor/ga4/1.5-l-bva,gac-motor
Geely GX3 Pro,62300,62 300DT,https://www.automobile.tn/fr/neuf/geely/gx3-pro,geely
Geely Emgrand,67800,67 800DT,https://www.automobile.tn/fr/neuf/geely/emgrand,geely
PromoGeely Coolray,72800,72 800DT,https://www.automobile.tn/fr/neuf/geely/coolray,geely
PromoGeely Geometry C,1090001119002900,109 000DT111.900 DT2900 DT de remiseBorne de recharge domestique EvBox,https://www.automobile.tn/fr/neuf/geely/geometry/70-kwh,geely
PromoGeely Azkarra,113800122800900030000,113 800DT122.800 DT9000 DT de remise30.000 Km d'entretien gratuit,https://www.automobile.tn/fr/neuf/geely/azkara/1.5-l-turbo-hybrid,geely
Geely Starray,12980027337,129 800DT27 337 $ HT,https://www.automobile.tn/fr/neuf/geely/starray/1.5-l-turbo-gfplus,geely
PromoGeely Tugella,19980034255300001000,199 800DT34 255 $ HT30.000 Km d'entretien gratuitCarte carburant 1000 dinars,https://www.automobile.tn/fr/neuf/geely/tugella/2.0-l-turbo-4wd-gfplus,geely
Geely Monjaro,23500036974,235 000DT36 974 $ HT,https://www.automobile.tn/fr/neuf/geely/monjaro/2.0-l-turbo-4wd-gfplus,geely
GWM Tank 300 HEV,194900,194 900DT,https://www.automobile.tn/fr/neuf/great-wall/tank-300/2.0-l,great-wall
GWM Tank 500 HEV,239900,239 900DT,https://www.automobile.tn/fr/neuf/great-wall/tank-500/2.0-l,great-wall
GWM Haval Jolion,102900,102 900DT,https://www.automobile.tn/fr/neuf/great-wall/jolion/1.5-t-fl,great-wall
NouveauGWM Haval H6 Hybride,129900,129 900DT,https://www.automobile.tn/fr/neuf/great-wall/h6-hybride/1.5-t-hev-2026,great-wall
GWM Wingle 5 Simple Cabine,80900,80 900DT,https://www.automobile.tn/fr/neuf/great-wall/wingle-5/2.0-l-diesel-4x4,great-wall
GWM Wingle 5 Double Cabine,87500,87 500DT,https://www.automobile.tn/fr/neuf/great-wall/wingle-5-double-cabine/2.0-l-diesel-4x2-2023,great-wall
PromoGWM Poer MT,1129001159003000,112 900DT115.900 DT3000 DT de remise,https://www.automobile.tn/fr/neuf/great-wall/poer/2.0-l-diesel-4x4,great-wall
PromoGWM Poer AT,1389001419003000,138 900DT141.900 DT3000 DT de remise,https://www.automobile.tn/fr/neuf/great-wall/poer-at/2.0-l-diesel-4x4-bva,great-wall
Honda City,7899016400,78 990DT16 400 $ HT,https://www.automobile.tn/fr/neuf/honda/city,honda
Honda Jazz,8599019900,85 990DT19 900 $ HT,https://www.automobile.tn/fr/neuf/honda/jazz/1.5-l-e-hev,honda
PromoHonda Civic,14599031500159990,145 990DT31 500 $ HT159.990 DTDans la limite du stock disponible,https://www.automobile.tn/fr/neuf/honda/civic/1.5-l-cvt,honda
PromoHonda Civic Hybride,17199037000186990,171 990DT37 000 $ HT186.990 DTDans la limite du stock disponible,https://www.automobile.tn/fr/neuf/honda/civic-hybride/2.0-l-e-hev,honda
Honda Civic Type R,27440055000,274 400DT55 000 $ HT,https://www.automobile.tn/fr/neuf/honda/civic-type-r/2.0-l-turbo,honda
Honda Accord,18999039900,189 990DT39 900 $ HT,https://www.automobile.tn/fr/neuf/honda/accord/1.5-l-turbo-24,honda
PromoHonda HR-V,11990025000127990,119 900DT25 000 $ HT127.990 DTDans la limite du stock disponible,https://www.automobile.tn/fr/neuf/honda/hr-v/1.5-l-cvt-ex-2023,honda
Honda ZR-V,14500032000,145 000DT32 000 $ HT,https://www.automobile.tn/fr/neuf/honda/zr-v/1.5-l-cvt,honda
Honda CR-V,19099039500,190 990DT39 500 $ HT,https://www.automobile.tn/fr/neuf/honda/cr-v/1.5-t-cvt-2025,honda
Honda CR-V Hybride,20499042900,204 990DT42 900 $ HT,https://www.automobile.tn/fr/neuf/honda/cr-v-hybride/e-hev,honda
Hyundai Grand i10 Populaire,34805,34 805DT,https://www.automobile.tn/fr/neuf/hyundai/grand-i10-populaire/1.0-l,hyundai
Hyundai Grand i10,51950,51 950DT,https://www.automobile.tn/fr/neuf/hyundai/grand-i10,hyundai
Hyundai Grand i10 Sedan,56950,56 950DT,https://www.automobile.tn/fr/neuf/hyundai/grand-i10-sedan/1.2-l-2024,hyundai
RestyléeHyundai i20,66950,66 950DT,https://www.automobile.tn/fr/neuf/hyundai/i20,hyundai
RestyléHyundai Bayon,84950,84 950DT,https://www.automobile.tn/fr/neuf/hyundai/bayon,hyundai
Hyundai Venue,90000,90 000DT,https://www.automobile.tn/fr/neuf/hyundai/venue/1.0-l-turbo-bva,hyundai
Hyundai i30 Fastback,94950,94 950DT,https://www.automobile.tn/fr/neuf/hyundai/i30-fastback,hyundai
Hyundai Creta,118950,118 950DT,https://www.automobile.tn/fr/neuf/hyundai/creta/1.5-l-bva,hyundai
Hyundai Kona Electric,123900,123 900DT,https://www.automobile.tn/fr/neuf/hyundai/kona-ev/bva,hyundai
Hyundai Kona,137000,137 000DT,https://www.automobile.tn/fr/neuf/hyundai/kona,hyundai
Hyundai Tucson,180000,180 000DT,https://www.automobile.tn/fr/neuf/hyundai/tucson/1.6-l-t-gdi-7-dct-4wd-top-grade,hyundai
NouveauHyundai Tucson Hybride,169950,169 950DT,https://www.automobile.tn/fr/neuf/hyundai/tucson-hybride,hyundai
Hyundai Ioniq 5,168950,168 950DT,https://www.automobile.tn/fr/neuf/hyundai/ioniq-5,hyundai
NouveauHyundai Ioniq 5 N,249950,249 950DT,https://www.automobile.tn/fr/neuf/hyundai/ioniq-5-n/84-kwh-4wd,hyundai
Hyundai Ioniq 6,199950,199 950DT,https://www.automobile.tn/fr/neuf/hyundai/ioniq-6,hyundai
Hyundai Azera Hybride,249950,249 950DT,https://www.automobile.tn/fr/neuf/hyundai/azera-hybride/1.6-l-t-gdi-bva-6-2wd-calligraphy,hyundai
Hyundai Palisade Calligraphy,350000,350 000DT,https://www.automobile.tn/fr/neuf/hyundai/palisade-calligraphy,hyundai
Hyundai Staria 11 places,159600,159 600DT,https://www.automobile.tn/fr/neuf/hyundai/staria/2.2-crdi,hyundai
Hyundai Staria 9 places,199950,199 950DT,https://www.automobile.tn/fr/neuf/hyundai/staria-9-places,hyundai
JAC T8 Pro Double Cabine,105000,105 000DT,https://www.automobile.tn/fr/neuf/jac/t8-dc/2.0-l-cti-diesel-4x4,jac
Jaguar E-Pace,369000,369 000DT,https://www.automobile.tn/fr/neuf/jaguar/e-pace/2.0-d-163-2025-r-dynamic-s,jaguar
Jaguar F-Pace,425000,425 000DT,https://www.automobile.tn/fr/neuf/jaguar/f-pace/2.0-t-250-2025-r-dynamic-s,jaguar
Jeep Renegade,126500,126 500DT,https://www.automobile.tn/fr/neuf/jeep/renegade/1.4-turbo-limited-bva-4x2,jeep
Jeep Wrangler,327000,327 000DT,https://www.automobile.tn/fr/neuf/jeep/wrangler-2021/2.0-l-rubicon,jeep
Jeep Wrangler Unlimited,375000,375 000DT,https://www.automobile.tn/fr/neuf/jeep/wrangler-unlimited,jeep
Jetour Dashing,10950023950,109 500DT23 950 € HT,https://www.automobile.tn/fr/neuf/jetour/dashing/1.5-turbo-bva,jetour
Jetour X70 Plus,119500,119 500DT,https://www.automobile.tn/fr/neuf/jetour/x70-plus/1.5-turbo,jetour
NouveauJetour T2,19800039500,198 000DT39 500 € HT,https://www.automobile.tn/fr/neuf/jetour/t2/2.0-turbo,jetour
NouveauJMC Vigus Simple Cabine,69900,69 900DT,https://www.automobile.tn/fr/neuf/jmc/vigus-simple-cabine/2.5-l-diesel-4x2,jmc
NouveauJMC Vigus Double Cabine,82900,82 900DT,https://www.automobile.tn/fr/neuf/jmc/vigus-double-cabine,jmc
KIA Picanto Populaire,32190,32 190DT,https://www.automobile.tn/fr/neuf/kia/picanto-populaire/1.0-l,kia
KIA Picanto,53480,53 480DT,https://www.automobile.tn/fr/neuf/kia/picanto,kia
KIA Sonet,89480,89 480DT,https://www.automobile.tn/fr/neuf/kia/sonet,kia
KIA Seltos,120980,120 980DT,https://www.automobile.tn/fr/neuf/kia/seltos/1.4-t-gdi-top-grade,kia
KIA Niro Hybride,129980,129 980DT,https://www.automobile.tn/fr/neuf/kia/niro,kia
KIA Sportage,14098024900,140 980DT24 900 € HT,https://www.automobile.tn/fr/neuf/kia/sportage,kia
KIA Sportage Hybride,17498035900,174 980DT35 900 € HT,https://www.automobile.tn/fr/neuf/kia/sportage-hybride,kia
KIA EV6,19998059900,199 980DT59 900 $ HT,https://www.automobile.tn/fr/neuf/kia/ev6,kia
KIA EV6 GT,262980,262 980DT,https://www.automobile.tn/fr/neuf/kia/ev6-gt/awd,kia
KIA EV9,299980,299 980DT,https://www.automobile.tn/fr/neuf/kia/ev9,kia
NouveauKIA Sorento Hybride,24998055000,249 980DT55 000 $ HT,https://www.automobile.tn/fr/neuf/kia/sorento-hybride/1.6-t-gdi-hev,kia
NouveauLand Rover Discovery Sport,31100065500,311 000DT65 500 € HT,https://www.automobile.tn/fr/neuf/land-rover/discovery-sport/1.5-l-p300e-phev-dynamic-se,land-rover
NouveauLand Rover Range Rover Evoque,29900062300,299 000DT62 300 € HT,https://www.automobile.tn/fr/neuf/land-rover/range-rover-evoque,land-rover
NouveauLand Rover Defender 110,44100080000,441 000DT80 000 € HT,https://www.automobile.tn/fr/neuf/land-rover/defender,land-rover
Land Rover Range Rover Velar,44420065300,444 200DT65 300 € HT,https://www.automobile.tn/fr/neuf/land-rover/range-rover-velar/2.0-l-p250-dynamic-se,land-rover
Land Rover Range Rover Sport,682800116200,682 800DT116 200 € HT,https://www.automobile.tn/fr/neuf/land-rover/range-rover-sport/3.0-l-p460-phev-se,land-rover
Land Rover Range Rover,735875116725,735 875DT116 725 € HT,https://www.automobile.tn/fr/neuf/land-rover/range-rover/3.0-l-p460-phev-2025-se,land-rover
Mahindra KUV 100,43960,43 960DT,https://www.automobile.tn/fr/neuf/mahindra/kuv-100/1.2-l-k8,mahindra
Black FridayMahindra XUV 300,545005806515,54 500DT58.065 DTJusqu'au 15 décembre,https://www.automobile.tn/fr/neuf/mahindra/xuv-300,mahindra
Mahindra Pick-up SC,63071,63 071DT,https://www.automobile.tn/fr/neuf/mahindra/pick-up-sc/2.2-l-diesel-4x4-plateau-simple,mahindra
Mahindra Pick-up DC,69046,69 046DT,https://www.automobile.tn/fr/neuf/mahindra/pick-up-dc,mahindra
Mercedes-Benz Classe A,159000,159 000DT,https://www.automobile.tn/fr/neuf/mercedes-benz/classe-a,mercedes-benz
Mercedes-Benz Classe A Berline,160000,160 000DT,https://www.automobile.tn/fr/neuf/mercedes-benz/classe-a-berline,mercedes-benz
Mercedes-Benz CLA,201900,201 900DT,https://www.automobile.tn/fr/neuf/mercedes-benz/cla,mercedes-benz
Mercedes-Benz Classe C,223000,223 000DT,https://www.automobile.tn/fr/neuf/mercedes-benz/classe-c,mercedes-benz
Mercedes-Benz Classe C Plug-in Hybride,306000,306 000DT,https://www.automobile.tn/fr/neuf/mercedes-benz/classe-c-hybride,mercedes-benz
Mercedes-Benz CLE Coupé,340000,340 000DT,https://www.automobile.tn/fr/neuf/mercedes-benz/cle-coupe/200-amg,mercedes-benz
Mercedes-Benz Classe E,334900,334 900DT,https://www.automobile.tn/fr/neuf/mercedes-benz/classe-e,mercedes-benz
Mercedes-Benz Classe E Plug-in Hybride,354900,354 900DT,https://www.automobile.tn/fr/neuf/mercedes-benz/classe-e-plug-in-hybride,mercedes-benz
Mercedes-Benz EQE Berline,349000,349 000DT,https://www.automobile.tn/fr/neuf/mercedes-benz/eqe-berline/350plus-amg,mercedes-benz
Mercedes-Benz EQS Berline,519900,519 900DT,https://www.automobile.tn/fr/neuf/mercedes-benz/eqs-berline/450-4matic-amg,mercedes-benz
Mercedes-Benz Classe S,699000,699 000DT,https://www.automobile.tn/fr/neuf/mercedes-benz/classe-s/450-4matic-2024-limousine,mercedes-benz
Mercedes-Benz GLA,204900,204 900DT,https://www.automobile.tn/fr/neuf/mercedes-benz/gla,mercedes-benz
DisponibleMercedes-Benz GLB,226900,226 900DT,https://www.automobile.tn/fr/neuf/mercedes-benz/glb/200-24-amg,mercedes-benz
Mercedes-Benz EQB,249900,249 900DT,https://www.automobile.tn/fr/neuf/mercedes-benz/eqb/250plus-amg,mercedes-benz
DisponibleMercedes-Benz GLC,320000,320 000DT,https://www.automobile.tn/fr/neuf/mercedes-benz/glc,mercedes-benz
Mercedes-Benz GLC Plug-in Hybride,418000,418 000DT,https://www.automobile.tn/fr/neuf/mercedes-benz/glc-hybride/350e-4matic-amg,mercedes-benz
DisponibleMercedes-Benz GLC Coupé,375000,375 000DT,https://www.automobile.tn/fr/neuf/mercedes-benz/glc-coupe/200-4matic-amg,mercedes-benz
Mercedes-Benz GLC Coupé Plug-in Hybride,415000,415 000DT,https://www.automobile.tn/fr/neuf/mercedes-benz/glc-coupe-plug-in-hybride/350e-4matic-amg,mercedes-benz
Mercedes-Benz EQE SUV,429900,429 900DT,https://www.automobile.tn/fr/neuf/mercedes-benz/eqe-suv/350-4matic,mercedes-benz
Mercedes-Benz EQS SUV,549900,549 900DT,https://www.automobile.tn/fr/neuf/mercedes-benz/eqs/450-4matic-amg,mercedes-benz
Mercedes-Benz GLE,592000,592 000DT,https://www.automobile.tn/fr/neuf/mercedes-benz/gle/300d-4matic-amg-2023,mercedes-benz
DisponibleMercedes-Benz GLE Coupé,612000,612 000DT,https://www.automobile.tn/fr/neuf/mercedes-benz/gle-coupe/300d-4matic-amg-2023,mercedes-benz
NouveauMercedes-Benz Classe G Electrique,599000,599 000DT,https://www.automobile.tn/fr/neuf/mercedes-benz/classe-g-electric,mercedes-benz
Mercedes-Benz Classe V,468000,468 000DT,https://www.automobile.tn/fr/neuf/mercedes-benz/classe-v/250-d,mercedes-benz
MG 3,58950,58 950DT,https://www.automobile.tn/fr/neuf/mg/3,mg
MG 3 Hybrid+,77950,77 950DT,https://www.automobile.tn/fr/neuf/mg/3-hybride/1.5-l-bva,mg
MG 5,63950,63 950DT,https://www.automobile.tn/fr/neuf/mg/5,mg
MG ZS,79950,79 950DT,https://www.automobile.tn/fr/neuf/mg/zs,mg
MG ZS Hybrid+,97950,97 950DT,https://www.automobile.tn/fr/neuf/mg/zs-hybride/1.5-l-cvt,mg
NouveauMG S5,84950,84 950DT,https://www.automobile.tn/fr/neuf/mg/s5/64-kwh,mg
NouveauMG HS,104950,104 950DT,https://www.automobile.tn/fr/neuf/mg/hs/1.5l-turbo-luxury,mg
NouveauMG HS Hybrid+,114950,114 950DT,https://www.automobile.tn/fr/neuf/mg/hs-hybridplus/1.5l-turbo,mg
MG RX9,164950,164 950DT,https://www.automobile.tn/fr/neuf/mg/rx9/2.0-t,mg
MG 7,109950,109 950DT,https://www.automobile.tn/fr/neuf/mg/7,mg
MG Cyberster,179950,179 950DT,https://www.automobile.tn/fr/neuf/mg/cyberster/77-kwh-rwd,mg
Mini Cooper Electric,12990036900,129 900DT36 900 € HT,https://www.automobile.tn/fr/neuf/mini/cooper-e/36.6-kwh-classic,mini
Mini 5 portes,16690031900,166 900DT31 900 € HT,https://www.automobile.tn/fr/neuf/mini/5-portes,mini
Mini 3 portes,18590036900,185 900DT36 900 € HT,https://www.automobile.tn/fr/neuf/mini/3-portes/1.5-l-john-cooper-works,mini
Mini Aceman Electric,13990038900,139 900DT38 900 € HT,https://www.automobile.tn/fr/neuf/mini/aceman/42.5-kwh,mini
Mini Countryman,16990033900,169 900DT33 900 € HT,https://www.automobile.tn/fr/neuf/mini/countryman,mini
Mini Countryman Electric,18990055900,189 900DT55 900 € HT,https://www.automobile.tn/fr/neuf/mini/countryman-electric/42.5-kwh-favoured,mini
Mitsubishi Attrage Populaire,34876,34 876DT,https://www.automobile.tn/fr/neuf/mitsubishi/attrage-populaire/1.2-l-glx-bvm-populaire,mitsubishi
Mitsubishi Eclipse Cross,107000,107 000DT,https://www.automobile.tn/fr/neuf/mitsubishi/eclipse-cross/1.5-t-mivec-cvt,mitsubishi
Mitsubishi ASX,131700,131 700DT,https://www.automobile.tn/fr/neuf/mitsubishi/asx/2.0-l-bva,mitsubishi
PromoMitsubishi L200 Double Cabine,137000155000,137 000DT155.000 DT,https://www.automobile.tn/fr/neuf/mitsubishi/l200-double-cabine/2.5-l-did,mitsubishi
Mitsubishi Pajero,19650029000,196 500DT29 000 $ HT,https://www.automobile.tn/fr/neuf/mitsubishi/pajero/2.8-l,mitsubishi
Mitsubishi Pajero Sport,24356737400,243 567DT37 400 $ HT,https://www.automobile.tn/fr/neuf/mitsubishi/pajero-sport,mitsubishi
Nissan Juke,99900,99 900DT,https://www.automobile.tn/fr/neuf/nissan/juke/1.0-l-dig-t-dct,nissan
PromoNissan Qashqai e-Power,1529001559003000,152 900DT155.900 DT3000 DT de remise,https://www.automobile.tn/fr/neuf/nissan/qashqai-e-power/1.5-l-n-connecta,nissan
Nissan Navara,179500,179 500DT,https://www.automobile.tn/fr/neuf/nissan/navara/2.5-dci-4x4-bva-double-cabine,nissan
NouveauOmoda & Jaecoo J7,132900,132 900DT,https://www.automobile.tn/fr/neuf/omoda-jaecoo/7/1.5-tgdi-shs,omoda-jaecoo
NouveauOmoda & Jaecoo J8,176900,176 900DT,https://www.automobile.tn/fr/neuf/omoda-jaecoo/8/1.5-tgdi-shs-4wd,omoda-jaecoo
Opel Corsa,66900,66 900DT,https://www.automobile.tn/fr/neuf/opel/corsa,opel
PromoOpel Crossland,75900779002000,75 900DT77.900 DT2000 DT de remise,https://www.automobile.tn/fr/neuf/opel/crossland/1.2-l-110-ch-bva-edition,opel
Edition spécialeOpel Mokka,91900,91 900DT,https://www.automobile.tn/fr/neuf/opel/mokka/1.2-l-turbo-130-ch-at8-gs-special-edition,opel
Opel Astra,94900,94 900DT,https://www.automobile.tn/fr/neuf/opel/astra/1.2-l-gs-limited,opel
Black FridayOpel Grandland,999001099001000030,99 900DT109.900 DT10.000 DT de remiseJusqu'au 30 novembre,https://www.automobile.tn/fr/neuf/opel/grandland/1.6-l-turbo-bva-gs-line,opel
PromoOpel Combo Cargo,62990639901000,62 990DT63.990 DT1000 DT de remise,https://www.automobile.tn/fr/neuf/opel/combo,opel
PromoPeugeot 208,68900739005000,68 900DT73.900 DT5000 DT de remise,https://www.automobile.tn/fr/neuf/peugeot/208/1.2-l-style,peugeot
PromoPeugeot 2008,92900939001000,92 900DT93.900DT1000 DT de remise,https://www.automobile.tn/fr/neuf/peugeot/2008,peugeot
PromoPeugeot 308,99900105900,99 900DT105.900 DT,https://www.automobile.tn/fr/neuf/peugeot/308/1.2-l-puretech-130-ch-eat8-allure,peugeot
Peugeot Rifter,105900,105 900DT,https://www.automobile.tn/fr/neuf/peugeot/rifter/1.6-l-hdi-92ch,peugeot
PromoPeugeot 408,1409001489008000,140 900DT148.900 DT8000 DT de remise,https://www.automobile.tn/fr/neuf/peugeot/408,peugeot
Peugeot Expert Combi,152900,152 900DT,https://www.automobile.tn/fr/neuf/peugeot/expert-combi/2.0-l-hdi-9-places,peugeot
Peugeot Landtrek Simple Cabine,75490,75 490DT,https://www.automobile.tn/fr/neuf/peugeot/landtrek-simple-cabine,peugeot
NouveauPeugeot Landtrek Double Cabine,92990,92 990DT,https://www.automobile.tn/fr/neuf/peugeot/landtrek-double-cabine,peugeot
PromoPeugeot Partner,63990649901000,63 990DT64.990 DT1000 DT de remise,https://www.automobile.tn/fr/neuf/peugeot/partner,peugeot
Peugeot Expert,88900,88 900DT,https://www.automobile.tn/fr/neuf/peugeot/expert/2.0-l-hdi-2025,peugeot
NouveauPeugeot Boxer,97900,97 900DT,https://www.automobile.tn/fr/neuf/peugeot/boxer,peugeot
Peugeot Boxer Double Cabine,109900,109 900DT,https://www.automobile.tn/fr/neuf/peugeot/boxer-plateau-double-cabine/350-l2-plateau-double-cabine,peugeot
NouveauPeugeot Traveller,169900,169 900DT,https://www.automobile.tn/fr/neuf/peugeot/traveller/2.0-l-hdi-9-places,peugeot
Porsche Macan Electric,295000,295 000DT,https://www.automobile.tn/fr/neuf/porsche/macan-electric,porsche
Porsche Cayenne,600000,600 000DT,https://www.automobile.tn/fr/neuf/porsche/cayenne/3.0-l-v6-tiptronic-s-e-hybrid-2024,porsche
Porsche Cayenne Coupé,615000,615 000DT,https://www.automobile.tn/fr/neuf/porsche/cayenne-coupe/3.0-v6-tiptronic-s-e-hybrid-2024,porsche
Porsche Taycan,448000,448 000DT,https://www.automobile.tn/fr/neuf/porsche/taycan,porsche
Porsche Taycan Cross Turismo,475000,475 000DT,https://www.automobile.tn/fr/neuf/porsche/taycan-cross-turismo/4-2025,porsche
Porsche 911,845000,845 000DT,https://www.automobile.tn/fr/neuf/porsche/911/carrera-2024,porsche
Renault Kwid Populaire,30095,30 095DT,https://www.automobile.tn/fr/neuf/renault/kwid/1.0-l-2025,renault
Renault Clio,66950,66 950DT,https://www.automobile.tn/fr/neuf/renault/clio,renault
Renault Megane,94950,94 950DT,https://www.automobile.tn/fr/neuf/renault/megane/1.3-l-tce-140,renault
Renault Megane Sedan,101650,101 650DT,https://www.automobile.tn/fr/neuf/renault/megane-sedan,renault
Renault Austral,134900,134 900DT,https://www.automobile.tn/fr/neuf/renault/austral/1.3-l,renault
Renault Express Van,59950,59 950DT,https://www.automobile.tn/fr/neuf/renault/express-van/diesel,renault
Renault Express Combi,88900,88 900DT,https://www.automobile.tn/fr/neuf/renault/express-combi/1.5-l-dci,renault
Renault Master,84900,84 900DT,https://www.automobile.tn/fr/neuf/renault/master,renault
Seat Ibiza,75980,75 980DT,https://www.automobile.tn/fr/neuf/seat/ibiza,seat
Seat Arona,9098019500,90 980DT19 500 € HT,https://www.automobile.tn/fr/neuf/seat/arona,seat
Seat Leon,108980,108 980DT,https://www.automobile.tn/fr/neuf/seat/leon,seat
Seat Ateca,127980,127 980DT,https://www.automobile.tn/fr/neuf/seat/ateca,seat
PromoSkoda Fabia,66980689802000152025,66 980DT68.980 DT2000 DT de remiseJusqu'au 15 Novembre 2025,https://www.automobile.tn/fr/neuf/skoda/fabia,skoda
Skoda Kushaq,78980,78 980DT,https://www.automobile.tn/fr/neuf/skoda/kushaq,skoda
PromoSkoda Scala,86980919805000152025,86 980DT91.980 DT5000 DT de remiseJusqu'au 15 Novembre 2025,https://www.automobile.tn/fr/neuf/skoda/scala,skoda
PromoSkoda Kamiq,89980949805000152025,89 980DT94.980 DT5000 DT de remiseJusqu'au 15 Novembre 2025,https://www.automobile.tn/fr/neuf/skoda/kamiq,skoda
PromoSkoda Octavia,11498012498010000152025,114 980DT124.980 DT10000 DT de remiseJusqu'au 15 Novembre 2025,https://www.automobile.tn/fr/neuf/skoda/octavia,skoda
NouveauSkoda Superb,155980,155 980DT,https://www.automobile.tn/fr/neuf/skoda/superb,skoda
PromoSsangyong Tivoli,88000960758075,88 000DT96.075 DT8075 DT de remise,https://www.automobile.tn/fr/neuf/ssangyong/tivoli/1.5-t-ilovit-2024,ssangyong
PromoSsangyong Korando,122980124980200020000,122 980DT124.980 DT2000 DT de remise20.000 Km d'entretien gratuit,https://www.automobile.tn/fr/neuf/ssangyong/korando/1.5-l-gdi-limited-bva,ssangyong
Ssangyong Musso,139800,139 800DT,https://www.automobile.tn/fr/neuf/ssangyong/musso,ssangyong
Ssangyong Torres,184580,184 580DT,https://www.automobile.tn/fr/neuf/ssangyong/torres/1.5-l-t-gdi-bva,ssangyong
PromoSsangyong Rexton,302300312300100005000,302 300DT312.300 DT10.000 DT de remisecarte carburant d’une valeur de 5000 DT,https://www.automobile.tn/fr/neuf/ssangyong/rexton/2.2-l-diesel-bva-5-places,ssangyong
Suzuki Celerio Populaire,28935,28 935DT,https://www.automobile.tn/fr/neuf/suzuki/celerio-populaire/1.0-l-gl,suzuki
Suzuki Swift,56400,56 400DT,https://www.automobile.tn/fr/neuf/suzuki/swift,suzuki
Suzuki Baleno,66900,66 900DT,https://www.automobile.tn/fr/neuf/suzuki/baleno,suzuki
Suzuki Ertiga,80900,80 900DT,https://www.automobile.tn/fr/neuf/suzuki/ertiga,suzuki
Suzuki Fronx,76900,76 900DT,https://www.automobile.tn/fr/neuf/suzuki/fronx,suzuki
Suzuki Jimny 3 portes,104900,104 900DT,https://www.automobile.tn/fr/neuf/suzuki/jimny/1.5-l-gl-4x4-bva,suzuki
Suzuki Jimny 5 portes,129900,129 900DT,https://www.automobile.tn/fr/neuf/suzuki/jimny-5p/1.5-l-gl-4x4-bva,suzuki
Sur arrivageTata Super Ace Simple Cabine,39900,39 900DT,https://www.automobile.tn/fr/neuf/tata/super-ace/1.4-l-turbo-diesel-simple-cabine-2023,tata
PromoTata Xenon X2 Simple Cabine,5890010002,58 900DTCarte carburant 1000 DT offerte2 entretiens gratuits,https://www.automobile.tn/fr/neuf/tata/xenon-x2/2.2l-turbo,tata
Sur arrivageTata Xenon X2 Double Cabine 4x2,74900,74 900DT,https://www.automobile.tn/fr/neuf/tata/xenon-dc/2.2-l-4x2-2023,tata
Sur arrivageTata Xenon X2 Double Cabine 4x4,81900,81 900DT,https://www.automobile.tn/fr/neuf/tata/xenon-x2-double-cabine-4x4/2.2-l-4x4,tata
Toyota Yaris Hybride,8490019000,84 900DT19 000 € HT,https://www.automobile.tn/fr/neuf/toyota/yaris-hybride/1.5-l-cvt-france,toyota
Toyota Corolla Sedan,108900,108 900DT,https://www.automobile.tn/fr/neuf/toyota/corolla/1.6-l-cvt-bva-active,toyota
Toyota Yaris Cross Hybride,11980024000,119 800DT24 000 € HT,https://www.automobile.tn/fr/neuf/toyota/yaris-cross/1.5-l-cvt-2023,toyota
Toyota Corolla Sedan Hybride,12480025000,124 800DT25 000 € HT,https://www.automobile.tn/fr/neuf/toyota/corolla-sedan-hybride/1.8-l-hybride,toyota
Toyota RAV 4 Hybride,16850034000,168 500DT34 000 € HT,https://www.automobile.tn/fr/neuf/toyota/rav-4-hybride/2.5-l-hybride,toyota
Toyota Land Cruiser 76,24400032000138000,244 000DT32 000 € HT138.000 DT avec privilège agence de voyage,https://www.automobile.tn/fr/neuf/toyota/land-cruiser-76/4.2-l,toyota
Toyota Fortuner,27480039500,274 800DT39 500 € HT,https://www.automobile.tn/fr/neuf/toyota/fortuner/2.4-l-d-4d-bva,toyota
Toyota Prado,34200054000188000,342 000DT54 000 € HT188.000 DT avec privilège agence de voyage,https://www.automobile.tn/fr/neuf/toyota/prado,toyota
Toyota Land Cruiser 300,53000078000,530 000DT78 000 € HT,https://www.automobile.tn/fr/neuf/toyota/land-cruiser-300,toyota
Toyota Land Cruiser 79,14980028000,149 800DT28 000 € HT,https://www.automobile.tn/fr/neuf/toyota/land-cruiser-79/4.2-l-diesel-4x4-simple-cabine,toyota
Toyota Hilux Simple Cabine,12380023500,123 800DT23 500 € HT,https://www.automobile.tn/fr/neuf/toyota/hilux-simple-cabine/2.4-l-diesel-d-4d-4x4,toyota
Toyota Hilux Double Cabine,15980030000,159 800DT30 000 € HT,https://www.automobile.tn/fr/neuf/toyota/hilux,toyota
Toyota Hiace 16 places,14200024500,142 000DT24 500 € HT,https://www.automobile.tn/fr/neuf/toyota/hiace/2.5-l-diesel-16-places,toyota
Toyota Coaster,243000,243 000DT,https://www.automobile.tn/fr/neuf/toyota/coaster/4.2-l,toyota
Toyota Hiace Van,81900,81 900DT,https://www.automobile.tn/fr/neuf/toyota/hiace-van/3.0-l-diesel,toyota
Volkswagen Virtus,6798013980799802000,67 980DT13 980 € HT79.980 DT2000 DT de remise,https://www.automobile.tn/fr/neuf/volkswagen/virtus,volkswagen
Volkswagen T-Cross,7598015980929802000,75 980DT15 980 € HT92.980 DT2000 DT de remise,https://www.automobile.tn/fr/neuf/volkswagen/t-cross,volkswagen
Volkswagen Polo,89980,89 980DT,https://www.automobile.tn/fr/neuf/volkswagen/polo/1.0-l-drive,volkswagen
Offre exclusiveVolkswagen Golf 8,117980224801209803000,117 980DT22 480 € HT120.980 DT3000 DT de remise,https://www.automobile.tn/fr/neuf/volkswagen/golf-8,volkswagen
Offre exclusiveVolkswagen Tiguan,154980319801599805000,154 980DT31 980 € HT159.980 DT5000 DT de remise,https://www.automobile.tn/fr/neuf/volkswagen/tiguan,volkswagen
Volkswagen Amarok,1969801999803000,196 980DT199.980 DT3000 DT de remise,https://www.automobile.tn/fr/neuf/volkswagen/amarok,volkswagen
PromoVolvo EX30,1199001249003,119 900DT124.900 DTAssurance tous risques offerte3 ans d’entretien inclus,https://www.automobile.tn/fr/neuf/volvo/ex30,volvo
PromoVolvo XC40,189900299001929003000,189 900DT29 900 € HT192.900 DT3000 DT de remise,https://www.automobile.tn/fr/neuf/volvo/xc40,volvo
Volvo EC40,1899003,189 900DTAssurance tous risques offerte3 ans d’entretien inclus,https://www.automobile.tn/fr/neuf/volvo/ec40-recharge,volvo
Volvo XC60,29990044500,299 900DT44 500 € HT,https://www.automobile.tn/fr/neuf/volvo/xc60,volvo
Volvo XC90,45990082900,459 900DT82 900 € HT,https://www.automobile.tn/fr/neuf/volvo/xc90/2.0-l-recharge-facelift-2025-ultimate-bright,volvo
Wallyscar Annibal,89700,89 700DT,https://www.automobile.tn/fr/neuf/wallyscar/annibal,wallyscar
Wallyscar Annibal XXL,142200,142 200DT,https://www.automobile.tn/fr/neuf/wallyscar/annibal-xxl,wallyscar
Bako Bee,18264,18 264DT,https://www.automobile.tn/fr/neuf/bako/bee,electrique
Bako B-Van,225868900,22 586DT8 900 $ HT,https://www.automobile.tn/fr/neuf/bako/evan,electrique
NouveauAvantier Avantier C,28700,28 700DT,https://www.automobile.tn/fr/neuf/avantier/avantier-c/14-kwh,electrique
NouveauCenntro Logistar 100,32800,32 800DT,https://www.automobile.tn/fr/neuf/cenntro/logistar-ls-100/16-kwh,electrique
NouveauAvantier Commuter,45000,45 000DT,https://www.automobile.tn/fr/neuf/avantier/commuter/31-kwh,electrique
NouveauDongfeng Box,49990,49 990DT,https://www.automobile.tn/fr/neuf/dongfeng/box,electrique
NouveauCenntro Logistar 210,66900,66 900DT,https://www.automobile.tn/fr/neuf/cenntro/logistar-ls-210/41.85-kwh,electrique
NouveauMG S5,84950,84 950DT,https://www.automobile.tn/fr/neuf/mg/s5/64-kwh,electrique
NouveauCenntro Logistar 260,88600,88 600DT,https://www.automobile.tn/fr/neuf/cenntro/logistar-ls-260/43.5-kwh,electrique
BYD Dolphin,9499027150,94 990DT27 150 $ HT,https://www.automobile.tn/fr/neuf/byd/dolphin/fwd,electrique
PromoGeely Geometry C,1090001119002900,109 000DT111.900 DT2900 DT de remiseBorne de recharge domestique EvBox,https://www.automobile.tn/fr/neuf/geely/geometry/70-kwh,electrique
PromoVolvo EX30,1199001249003,119 900DT124.900 DTAssurance tous risques offerte3 ans d’entretien inclus,https://www.automobile.tn/fr/neuf/volvo/ex30,electrique
Hyundai Kona Electric,123900,123 900DT,https://www.automobile.tn/fr/neuf/hyundai/kona-ev/bva,electrique
BYD Atto 3,12399035650,123 990DT35 650 $ HT,https://www.automobile.tn/fr/neuf/byd/atto-3/bev,electrique
Mini Cooper Electric,12990036900,129 900DT36 900 € HT,https://www.automobile.tn/fr/neuf/mini/cooper-e/36.6-kwh-classic,electrique
Mini Aceman Electric,13990038900,139 900DT38 900 € HT,https://www.automobile.tn/fr/neuf/mini/aceman/42.5-kwh,electrique
Hyundai Ioniq 5,168950,168 950DT,https://www.automobile.tn/fr/neuf/hyundai/ioniq-5,electrique
MG Cyberster,179950,179 950DT,https://www.automobile.tn/fr/neuf/mg/cyberster/77-kwh-rwd,electrique
Volvo EC40,1899003,189 900DTAssurance tous risques offerte3 ans d’entretien inclus,https://www.automobile.tn/fr/neuf/volvo/ec40-recharge,electrique
Mini Countryman Electric,18990055900,189 900DT55 900 € HT,https://www.automobile.tn/fr/neuf/mini/countryman-electric/42.5-kwh-favoured,electrique
Hyundai Ioniq 6,199950,199 950DT,https://www.automobile.tn/fr/neuf/hyundai/ioniq-6,electrique
KIA EV6,19998059900,199 980DT59 900 $ HT,https://www.automobile.tn/fr/neuf/kia/ev6,electrique
BMW iX1,22390054900,223 900DT54 900 € HT,https://www.automobile.tn/fr/neuf/bmw/ix1,electrique
BYD Tang EV,22999066200,229 990DT66 200 $ HT,https://www.automobile.tn/fr/neuf/byd/tang-ev/bev,electrique
BMW iX2,23290064900,232 900DT64 900 € HT,https://www.automobile.tn/fr/neuf/bmw/ix2,electrique
BMW i4,24590068900,245 900DT68 900 € HT,https://www.automobile.tn/fr/neuf/bmw/i4,electrique
Mercedes-Benz EQB,249900,249 900DT,https://www.automobile.tn/fr/neuf/mercedes-benz/eqb/250plus-amg,electrique
NouveauHyundai Ioniq 5 N,249950,249 950DT,https://www.automobile.tn/fr/neuf/hyundai/ioniq-5-n/84-kwh-4wd,electrique
KIA EV6 GT,262980,262 980DT,https://www.automobile.tn/fr/neuf/kia/ev6-gt/awd,electrique
Audi DaysAudi Q6 e-tron,26900028000011000,269 000DT280.000 DT11.000 DT de remiseBorne wallbox offerte,https://www.automobile.tn/fr/neuf/audi/q6-e-tron/100-kwh-quattro-s-line,electrique
NouveauAudi A6 Sportback e-tron,269000,269 000DT,https://www.automobile.tn/fr/neuf/audi/a6-sportback-e-tron/100-kwh-performance,electrique
NouveauAudi Q6 Sportback e-tron,289000,289 000DT,https://www.automobile.tn/fr/neuf/audi/q6-sportback-e-tron/100-kwh-quattro-s-line,electrique
Porsche Macan Electric,295000,295 000DT,https://www.automobile.tn/fr/neuf/porsche/macan-electric,electrique
KIA EV9,299980,299 980DT,https://www.automobile.tn/fr/neuf/kia/ev9,electrique
BMW i5,32790090900,327 900DT90 900 € HT,https://www.automobile.tn/fr/neuf/bmw/i5/edrive40-pack-m,electrique
Mercedes-Benz EQE Berline,349000,349 000DT,https://www.automobile.tn/fr/neuf/mercedes-benz/eqe-berline/350plus-amg,electrique
Audi DaysAudi E-tron GT,36000039000022,360 000DT390.000 DTWallbox 22 kW offerte,https://www.automobile.tn/fr/neuf/audi/e-tron-gt/quattro,electrique
PromoBMW iX,369900118900431900,369 900DT118 900 € HT431.900 DT,https://www.automobile.tn/fr/neuf/bmw/ix,electrique
Mercedes-Benz EQE SUV,429900,429 900DT,https://www.automobile.tn/fr/neuf/mercedes-benz/eqe-suv/350-4matic,electrique
Porsche Taycan,448000,448 000DT,https://www.automobile.tn/fr/neuf/porsche/taycan,electrique
Porsche Taycan Cross Turismo,475000,475 000DT,https://www.automobile.tn/fr/neuf/porsche/taycan-cross-turismo/4-2025,electrique
Mercedes-Benz EQS Berline,519900,519 900DT,https://www.automobile.tn/fr/neuf/mercedes-benz/eqs-berline/450-4matic-amg,electrique
Mercedes-Benz EQS SUV,549900,549 900DT,https://www.automobile.tn/fr/neuf/mercedes-benz/eqs/450-4matic-amg,electrique
NouveauMercedes-Benz Classe G Electrique,599000,599 000DT,https://www.automobile.tn/fr/neuf/mercedes-benz/classe-g-electric,electrique
